Barcode,S2_realign
AAACAGAGCGACTCCT-2,S2_realign_layer1
AAACTCGGTTCGCAAT-2,S2_realign_layer2
AAAGTAGCATTGCTCA-2,S2_realign_layer1
AAATAGCTTAGACTTT-2,S2_realign_layer3
AAATCCGATACACGCC-2,S2_realign_layer1
AAATTGATAGTCCTTT-2,S2_realign_layer1
AACACGACTGTACTGA-2,S2_realign_layer1
AACATTGTGACTCGAG-2,S2_realign_layer1
AACCCAGAGACGGAGA-2,S2_realign_noncystic
AACCCTACTGTCAATA-2,S2_realign_layer2
AACCCTGGTGGAACCA-2,S2_realign_layer1
AACCGTTGTGTTTGCT-2,S2_realign_layer1
AACCTCGCTTTAGCCC-2,S2_realign_layer1
AACCTTTAAATACGGT-2,S2_realign_layer2
AACCTTTACGACGTCT-2,S2_realign_layer3
AACGATAATGCCGTAG-2,S2_realign_layer1
AACGCGACCTTGGGCG-2,S2_realign_layer1
AACGTCAGACTAGTGG-2,S2_realign_noncystic
AACGTGATGAAGGACA-2,S2_realign_layer3
AACTCCTAATCCCATG-2,S2_realign_layer1
AACTCTCAATAGAGCG-2,S2_realign_layer1
AAGCATACTCTCCTGA-2,S2_realign_layer2
AAGCCACTTGCAGGTA-2,S2_realign_layer1
AAGCGCAGGGCTTTGA-2,S2_realign_layer1
AAGGCGCGTAAAGCTT-2,S2_realign_noncystic
AAGTAGAAGACCGGGT-2,S2_realign_noncystic
AAGTAGTGACGCGAGG-2,S2_realign_noncystic
AAGTGAGTCGGGTTTA-2,S2_realign_layer3
AAGTGCGTTAGAATCT-2,S2_realign_layer2
AAGTTTACTAATGGCA-2,S2_realign_layer1
AATAACAACGCTCGGC-2,S2_realign_noncystic
AATAACACTAGAACAA-2,S2_realign_layer3
AATACCGGAGGGCTGT-2,S2_realign_layer1
AATAGTCCGTCCCGAC-2,S2_realign_layer2
AATCAGGTTTCATTTA-2,S2_realign_layer1
AATCATGTAAAGACTC-2,S2_realign_layer1
AATGACAGCAATGTCT-2,S2_realign_layer3
AATGACGTAGGATGTC-2,S2_realign_layer1
AATGTGCCCGAGGTGT-2,S2_realign_layer1
AATGTGCTAATCTGAG-2,S2_realign_layer2
AATTTGGGACATAGTA-2,S2_realign_layer2
ACAAATCGCACCGAAT-2,S2_realign_layer1
ACAAGGAAATCCGCCC-2,S2_realign_layer2
ACAAGGATGCTTTAGG-2,S2_realign_layer1
ACAAGGGCAGGCTCTG-2,S2_realign_layer2
ACAATCCATTTAAACC-2,S2_realign_noncystic
ACAATGAATACGGAGA-2,S2_realign_layer1
ACACGGCACTATGCAT-2,S2_realign_layer1
ACAGAACTGAGAACAA-2,S2_realign_layer1
ACAGATTAGGTTAGTG-2,S2_realign_layer3
ACAGGCTTGCCCGACT-2,S2_realign_layer1
ACATCCTGGTAACTGT-2,S2_realign_layer1
ACATCGTTAACCTAGT-2,S2_realign_layer3
ACATGGCGCCAAAGTA-2,S2_realign_layer3
ACCAAGAACGCGTGTC-2,S2_realign_noncystic
ACCACAACTCAGAACA-2,S2_realign_layer1
ACCACCAATGTAACAA-2,S2_realign_layer3
ACCACGTGCAGCTATA-2,S2_realign_layer2
ACCCATCTTGAGGGTA-2,S2_realign_noncystic
ACCCATTTGTCCCTCT-2,S2_realign_layer1
ACCCGGAAACTCCCAG-2,S2_realign_layer1
ACCCGGATGACGCATC-2,S2_realign_layer1
ACCCGTGTCATCAGTA-2,S2_realign_layer2
ACCCTTCATCTGCGAA-2,S2_realign_layer1
ACCCTTTAGTTCTCCA-2,S2_realign_layer1
ACCGATGGTAGCATCG-2,S2_realign_layer1
ACCGCGGTGGAAGTCG-2,S2_realign_layer1
ACCTAAGTACCTTTCA-2,S2_realign_layer1
ACCTAATCGACTTCCT-2,S2_realign_noncystic
ACGACTGGTCATACTC-2,S2_realign_layer3
ACGAGATATTTGCTTA-2,S2_realign_layer2
ACGATCATCTTGTAAA-2,S2_realign_layer1
ACGCAAACTAATAGAT-2,S2_realign_layer3
ACGGCGACGATGGGAA-2,S2_realign_layer2
ACGTACTTTGGCACGG-2,S2_realign_layer1
ACGTATTACTCCGATC-2,S2_realign_layer1
ACGTGGTCGAATGTGC-2,S2_realign_layer1
ACTACCATCCGAGGGC-2,S2_realign_layer2
ACTCCAATATCATCAT-2,S2_realign_layer2
ACTCTCTGACTTAGGT-2,S2_realign_layer2
ACTCTCTTATACACGA-2,S2_realign_layer2
ACTGCCCGCCATTCTC-2,S2_realign_layer3
ACTGGGATGCCAGTGC-2,S2_realign_layer1
ACTGTTTAGTGTAGGC-2,S2_realign_layer1
ACTTACCGGGCGCGCA-2,S2_realign_layer1
ACTTACGCATCCACGC-2,S2_realign_layer1
ACTTCAGGCTGATCCC-2,S2_realign_layer1
ACTTCCATGCGGGACA-2,S2_realign_layer1
ACTTGCCATATTGTAC-2,S2_realign_layer1
AGAAGAGCGCCGTTCC-2,S2_realign_layer1
AGAAGTGATTCGTGAT-2,S2_realign_layer3
AGACGACGATGCCGCT-2,S2_realign_layer1
AGACGGGATTGGTATA-2,S2_realign_layer1
AGACTGTTACCGGGTC-2,S2_realign_layer3
AGAGAAACACCAGAAA-2,S2_realign_layer1
AGATAACTTCAGGGCC-2,S2_realign_noncystic
AGATGAGGGTTGCGAT-2,S2_realign_layer2
AGATGCAAGACGTGCA-2,S2_realign_layer2
AGCAACATATCTTATT-2,S2_realign_layer1
AGCACACGTTTAGACT-2,S2_realign_layer3
AGCACTTAAGGACGCC-2,S2_realign_noncystic
AGCAGAAGGAGAAAGA-2,S2_realign_layer1
AGCATCATTTCGAAAG-2,S2_realign_layer3
AGCCACAGGTTACCCG-2,S2_realign_layer1
AGCCATATAGTATGTG-2,S2_realign_layer1
AGCCCGCAACAAGCAG-2,S2_realign_layer1
AGCCCGGTAGCCTGTA-2,S2_realign_layer2
AGCCCTCCCTGGTGGC-2,S2_realign_layer2
AGCCGTGGCTAAATGT-2,S2_realign_layer3
AGCGACAGGAACGGTC-2,S2_realign_layer3
AGCGCATAATGAATCG-2,S2_realign_layer2
AGCGGGTCTGACACTC-2,S2_realign_layer1
AGCTAAGTACGCAGGC-2,S2_realign_layer1
AGCTCCTTCGCACATC-2,S2_realign_layer1
AGCTGTAACCTCAATC-2,S2_realign_layer2
AGGAAGCTGTCCGCCG-2,S2_realign_layer1
AGGACATCGCACGTCG-2,S2_realign_noncystic
AGGCAGGGAGCGTACT-2,S2_realign_layer3
AGGCCTATCATACCAA-2,S2_realign_layer1
AGGCCTGAGAATCTCG-2,S2_realign_layer1
AGGGCAGCGGCGTGGT-2,S2_realign_layer2
AGGGCGTGATCGGCTA-2,S2_realign_noncystic
AGGGTGCCGTTCTTTA-2,S2_realign_layer3
AGGGTGCTCTCGAGGG-2,S2_realign_layer2
AGGTAGATCGAGATAT-2,S2_realign_layer3
AGGTAGGTACAAAGCT-2,S2_realign_noncystic
AGTAACGTTCATCCTG-2,S2_realign_layer1
AGTAGCGTGAACGAAC-2,S2_realign_layer1
AGTAGGAAGGAAGTTG-2,S2_realign_layer3
AGTATAATACTAGGCA-2,S2_realign_noncystic
AGTATACACAGCGACA-2,S2_realign_layer3
AGTATGCTGGAGACCA-2,S2_realign_layer1
AGTATTTGGCACGACC-2,S2_realign_layer2
AGTCAAATGATGTGAT-2,S2_realign_layer1
AGTCACTAGCTCTCGA-2,S2_realign_layer2
AGTCCATTGGCTGATG-2,S2_realign_layer1
AGTCGGCCCAAACGAC-2,S2_realign_noncystic
AGTCGTCGACCACCAA-2,S2_realign_layer1
AGTCTCACAAGACTAC-2,S2_realign_layer2
AGTGACTGTGACACAA-2,S2_realign_layer1
AGTGAGACTTCCAGTA-2,S2_realign_layer2
AGTGAGGGTTTCTGAC-2,S2_realign_layer1
AGTGATAACCTGCGCG-2,S2_realign_layer1
AGTGATTCAAGCAGGA-2,S2_realign_layer3
AGTGCTTGCACGAATA-2,S2_realign_layer1
AGTGGCGTCTGAAGGT-2,S2_realign_layer2
AGTTAAGTCAACCGCT-2,S2_realign_layer2
AGTTGACGGTCCTTGC-2,S2_realign_layer1
ATAAGGTGGAGAACAT-2,S2_realign_layer3
ATAATTAGCTAAGTAG-2,S2_realign_layer1
ATACCACGGGCAACTT-2,S2_realign_noncystic
ATACCTAACCAAGAAA-2,S2_realign_layer1
ATACGGAACGTCGTTT-2,S2_realign_layer3
ATAGACGAAGAGAAAG-2,S2_realign_noncystic
ATAGCAACTAGGGAAG-2,S2_realign_layer1
ATAGTTCCACCCACTC-2,S2_realign_layer2
ATATAAATGTAGCTGC-2,S2_realign_layer1
ATATCAACCTACAGAG-2,S2_realign_layer3
ATATGGGATAGCAACT-2,S2_realign_layer2
ATATGTCTCCCTAGCC-2,S2_realign_layer1
ATATTCCCACAGGTCA-2,S2_realign_layer3
ATCAAACGAAGGTTTG-2,S2_realign_layer2
ATCAAGATCCCAGGAC-2,S2_realign_layer1
ATCCAACGCAGTCATA-2,S2_realign_noncystic
ATCCCATTTCCGTGGG-2,S2_realign_layer1
ATCTAATATCCTACGG-2,S2_realign_layer1
ATCTGACATGGAAGGA-2,S2_realign_layer3
ATGACTATCAGCTGTG-2,S2_realign_layer3
ATGAGGAGTGTTAATC-2,S2_realign_noncystic
ATGGGAACGGAAGCGG-2,S2_realign_layer1
ATGGTATTGGGAACCG-2,S2_realign_layer2
ATGTACGATGACGTCG-2,S2_realign_layer1
ATGTGTAGTTTAGTCA-2,S2_realign_layer1
ATGTTGTAGTCTGTTT-2,S2_realign_layer2
ATTACAACTACCGGCC-2,S2_realign_layer2
ATTACTAGCCTCTTGC-2,S2_realign_noncystic
ATTATCTCGACAGATC-2,S2_realign_layer2
ATTCAACCATTTAAGG-2,S2_realign_layer1
ATTCACTGATGTTGGA-2,S2_realign_layer1
ATTCATCGTTGAGGCA-2,S2_realign_layer1
ATTCCTCCGCCAGTGC-2,S2_realign_noncystic
ATTCTTCGTACTTATG-2,S2_realign_layer1
ATTGACGTAACTCGGT-2,S2_realign_layer2
ATTGCCTATTAGACCG-2,S2_realign_layer2
ATTGCTGCTCCTCCAT-2,S2_realign_noncystic
ATTGGATTACAGCGTA-2,S2_realign_layer1
ATTGTACAACTCGGCT-2,S2_realign_layer2
ATTGTCTGTTTCATGT-2,S2_realign_layer2
ATTTGCGCGAGTAGCT-2,S2_realign_layer1
CAAACTATTGAGCTTC-2,S2_realign_layer3
CAAATTGTCAGCAAGC-2,S2_realign_layer1
CAACGGTTCTTGATAC-2,S2_realign_noncystic
CAACTCCTTGATCCCG-2,S2_realign_noncystic
CAACTGCTCATCCGAT-2,S2_realign_layer1
CAAGAGGGCGGAGTAC-2,S2_realign_layer3
CAAGCAACGTCGGAGT-2,S2_realign_noncystic
CAAGCGGCACATAATT-2,S2_realign_layer1
CAAGTAAGTGATAGAC-2,S2_realign_layer2
CAAGTGAACTTTGGTT-2,S2_realign_layer2
CAAGTGTGGTTGCAAA-2,S2_realign_layer2
CAATCCCTATACCAGC-2,S2_realign_layer2
CAATGACCCTTAATTT-2,S2_realign_layer2
CAATGGTCGGCCTGGG-2,S2_realign_layer2
CACACGCGCTGTCTTA-2,S2_realign_layer3
CACATATTAGCAGGAT-2,S2_realign_layer3
CACATCTCACCGACGA-2,S2_realign_layer1
CACATTTCTTGTCAGA-2,S2_realign_layer2
CACCATCGGAGGAGAC-2,S2_realign_layer2
CACCCAAATCTTATGT-2,S2_realign_layer3
CACCCACACGTCACCC-2,S2_realign_noncystic
CACCGTTAGGGATCAC-2,S2_realign_layer3
CACGAAAGTTAGTCCC-2,S2_realign_noncystic
CACGCAGCGAGGCTTT-2,S2_realign_noncystic
CACGCGGAACTGTTGC-2,S2_realign_layer1
CACGTTTCGTACACAC-2,S2_realign_layer2
CACTACTCAGTTCTGT-2,S2_realign_layer1
CACTCAGCTCTTGAGG-2,S2_realign_layer1
CACTCGAGCTGAACAA-2,S2_realign_layer3
CACTGACGATTGTGGA-2,S2_realign_layer2
CAGCCTCTCCTCAAGA-2,S2_realign_layer2
CAGCTTAGTAGGTAGC-2,S2_realign_noncystic
CAGGCGCCATGCTAGG-2,S2_realign_layer3
CAGTGTCCGCAGAATG-2,S2_realign_noncystic
CAGTTCGAGGACCCGA-2,S2_realign_layer1
CATACGAACTAGCTGG-2,S2_realign_layer2
CATACTTCTTTCTCCG-2,S2_realign_layer2
CATAGTAGCATAGTAG-2,S2_realign_noncystic
CATATTATTTGCCCTA-2,S2_realign_layer2
CATCCTCTCAAAGATC-2,S2_realign_layer1
CATGACTTCGCTGAAT-2,S2_realign_layer3
CATGAGATGCACTCTC-2,S2_realign_layer1
CATGGATTGTCTTCCG-2,S2_realign_layer2
CATGGTAAGTAGCGTT-2,S2_realign_layer3
CATGTAAGAGACATTT-2,S2_realign_layer1
CATTATCCCATTAACG-2,S2_realign_layer2
CATTTATCGTTCAAGA-2,S2_realign_layer1
CCAACGATGCACTGAT-2,S2_realign_noncystic
CCAATAGTGCCGTCGA-2,S2_realign_noncystic
CCACGGCAGGTGTAGG-2,S2_realign_layer1
CCAGAAAGCAACTCAT-2,S2_realign_layer2
CCAGCTCGAACGCATT-2,S2_realign_layer1
CCAGTCTTGTCATAGA-2,S2_realign_layer1
CCATATGGAAACTATA-2,S2_realign_layer1
CCATGCCCTAGATTTC-2,S2_realign_layer1
CCATGCTCTGCAGGAA-2,S2_realign_noncystic
CCATGTTCATCTATAT-2,S2_realign_layer3
CCATTAGCGATAATCC-2,S2_realign_noncystic
CCATTCCCTGCCCACA-2,S2_realign_noncystic
CCCAAACATGCTGCTC-2,S2_realign_layer2
CCCAACCACACTAACA-2,S2_realign_layer1
CCCAGTTAAGGCGCCG-2,S2_realign_layer1
CCCGGGTCGTTCAGGG-2,S2_realign_layer1
CCCTCATTCTGGAATT-2,S2_realign_noncystic
CCCTCGATAATACACA-2,S2_realign_layer3
CCCTGAAATGAGTTGA-2,S2_realign_noncystic
CCGACGGGCATGAGGT-2,S2_realign_layer2
CCGACGTAAACACAAC-2,S2_realign_layer1
CCGAGGGATGTTAGGC-2,S2_realign_layer1
CCGATCTCAACCTTAT-2,S2_realign_layer1
CCGCATGTGGTACGAT-2,S2_realign_layer1
CCGCCTGCGAATTGGT-2,S2_realign_layer2
CCGCTCCAGGGCGATC-2,S2_realign_layer1
CCGCTGGTGCCATTCA-2,S2_realign_layer1
CCGGAATGGTTTCAGT-2,S2_realign_noncystic
CCGGAGCGTACTTTCT-2,S2_realign_layer1
CCGGGCTGCTCCATAC-2,S2_realign_layer1
CCGTATCTCGTCGTAG-2,S2_realign_layer1
CCTACATTCACAGACG-2,S2_realign_layer1
CCTAGGCGTAGCGATC-2,S2_realign_layer1
CCTAGTTAGTCGCATG-2,S2_realign_layer2
CCTATATTTGTCCTGG-2,S2_realign_layer1
CCTATGGTCAAAGCTG-2,S2_realign_layer1
CCTCACCAATCTTGAC-2,S2_realign_noncystic
CCTCCCGACAATCCCT-2,S2_realign_layer2
CCTCCGACAATTCAAG-2,S2_realign_noncystic
CCTCGCGCTGTGCGAT-2,S2_realign_layer2
CCTCGGACCGGGATAG-2,S2_realign_layer1
CCTCTACAAGGATTGG-2,S2_realign_layer2
CCTCTATCGATTAGCA-2,S2_realign_layer1
CCTCTCTCCCATCTAG-2,S2_realign_noncystic
CCTGAACGATATATTC-2,S2_realign_layer1
CCTGACGCAACCTTTA-2,S2_realign_layer1
CCTGTAAGACATGATA-2,S2_realign_noncystic
CCTGTTCAACCTCGGG-2,S2_realign_layer1
CCTTCAGTTAAAGTGA-2,S2_realign_layer3
CCTTTAAGGGAGCACT-2,S2_realign_layer3
CGAAGTTGCTCTGTGT-2,S2_realign_noncystic
CGAATGGTAGGTCGTC-2,S2_realign_layer2
CGACAGTTCGCGTTAT-2,S2_realign_noncystic
CGACATGCGATCTTCT-2,S2_realign_layer2
CGAGAGCTTTCACTAC-2,S2_realign_layer2
CGAGTGAAGGTACCAG-2,S2_realign_layer1
CGATAGTCGTACTGCA-2,S2_realign_layer1
CGATCCACCATTGTTG-2,S2_realign_layer2
CGATTAAATATCTCCT-2,S2_realign_layer3
CGCAATTACTTTCGGT-2,S2_realign_noncystic
CGCACATGTCCACTAC-2,S2_realign_layer2
CGCACGTCTGTTTATG-2,S2_realign_layer2
CGCACGTGCGCTATCA-2,S2_realign_layer1
CGCATCATGGCTTCAG-2,S2_realign_layer2
CGCCCAGCACGCCTAG-2,S2_realign_layer2
CGCCCAGCGTTTCACG-2,S2_realign_layer2
CGCGAGTCTGCCGGGT-2,S2_realign_layer2
CGCGCAAATGTCCAGA-2,S2_realign_layer2
CGCGTCATATTAAACC-2,S2_realign_layer1
CGCTAGAGACCGCTGC-2,S2_realign_layer2
CGCTCTCCGTAGATTA-2,S2_realign_noncystic
CGCTTAGTATTGATAC-2,S2_realign_layer2
CGCTTCCACTGAAATC-2,S2_realign_noncystic
CGGACCTCTGTAGTTA-2,S2_realign_layer1
CGGACCTTTACGTCCC-2,S2_realign_layer1
CGGAGCTTATAACACC-2,S2_realign_layer2
CGGAGTTTGAGAGACA-2,S2_realign_noncystic
CGGATCCTCAAGGACT-2,S2_realign_layer1
CGGATTCTGCCTTATG-2,S2_realign_layer1
CGGCACCGTTAGCGCC-2,S2_realign_layer1
CGGCCAGAGCGACCAT-2,S2_realign_layer1
CGGCCCAGGTATATCC-2,S2_realign_layer1
CGGCTCTTCGTCGAAC-2,S2_realign_layer2
CGGCTGCAAGATTAAG-2,S2_realign_layer1
CGGGCGATGGATCACG-2,S2_realign_layer1
CGGTCCGTCGCAAGCC-2,S2_realign_layer1
CGGTGGGCTCCAGCCT-2,S2_realign_layer3
CGGTTGAGTATCCTTC-2,S2_realign_layer2
CGTAAAGCAAGAAATC-2,S2_realign_layer3
CGTAAATAACAAAGGG-2,S2_realign_layer3
CGTAACTTCGACACTT-2,S2_realign_layer1
CGTAGCGAATTGTCAG-2,S2_realign_layer2
CGTAGCGCCGACGTTG-2,S2_realign_layer3
CGTCGGATAGTGTTGA-2,S2_realign_layer2
CGTCGGGTCTAAGCGC-2,S2_realign_layer3
CGTGCCCTCCCGAAGA-2,S2_realign_layer2
CGTTCAGACCCGCGAA-2,S2_realign_layer1
CGTTGAATACCGCGCT-2,S2_realign_layer1
CGTTGAGCGACCGTCG-2,S2_realign_layer3
CGTTGCCCGCGTGGGA-2,S2_realign_layer1
CGTTGTCGGCAATTGA-2,S2_realign_layer2
CGTTGTTTCAATTCCC-2,S2_realign_noncystic
CTAAAGAATGCCTACT-2,S2_realign_noncystic
CTAACCGCGCGCCCGT-2,S2_realign_noncystic
CTAACTGGTCCGGTTC-2,S2_realign_layer3
CTACGAACTAGGTCGA-2,S2_realign_layer1
CTACTATCATAGGTTT-2,S2_realign_layer1
CTAGGTCTGAAGGAAT-2,S2_realign_layer2
CTAGTGAAGGACAGGA-2,S2_realign_noncystic
CTATATCCAGCCTGGC-2,S2_realign_layer2
CTATGAACACCTTGCC-2,S2_realign_layer3
CTATTGTGTTTGGTCA-2,S2_realign_layer3
CTATTTGGTTACGGAT-2,S2_realign_layer3
CTCAAACCACTGCCCG-2,S2_realign_layer2
CTCAACTAACCCGGAT-2,S2_realign_layer1
CTCAGAGCTAATGTCG-2,S2_realign_layer2
CTCATGGTAATTTGCG-2,S2_realign_layer2
CTCCCTCCTTTCGATC-2,S2_realign_layer2
CTCCTCCAGCTCACAC-2,S2_realign_layer2
CTCGAGGCAAGTTTCA-2,S2_realign_layer1
CTCGCCGAATGTAGGG-2,S2_realign_layer1
CTCGGTACCACTGCTC-2,S2_realign_layer2
CTCGGTTGTCGGCCCT-2,S2_realign_layer1
CTCTACATCCTGCGTG-2,S2_realign_layer2
CTCTCTAACTGCCTAG-2,S2_realign_layer3
CTCTGTTTGAGGATTC-2,S2_realign_layer3
CTGATCCCTTTATGCA-2,S2_realign_layer2
CTGCACAACTACATAT-2,S2_realign_layer1
CTGCACTCCAGTACAG-2,S2_realign_layer1
CTGCCTAGCCACCAAG-2,S2_realign_layer1
CTGCCTTTAATACCTT-2,S2_realign_layer1
CTGCCTTTCTAGTAAA-2,S2_realign_layer1
CTGCGACCTCGCCGAA-2,S2_realign_layer1
CTGCGATTTCGAGATT-2,S2_realign_layer1
CTGCTGAGGCCACGAA-2,S2_realign_layer3
CTGGCATCCGAATGAG-2,S2_realign_layer3
CTGGGATAAATAATGG-2,S2_realign_layer2
CTGGGTAGGCAGTTAA-2,S2_realign_layer1
CTGGTCCTAACTTGGC-2,S2_realign_layer1
CTGTGGTCGGGAGATA-2,S2_realign_layer1
CTGTTCATCTCACGGG-2,S2_realign_noncystic
CTTAACTTCGAAGTAC-2,S2_realign_layer1
CTTACACTGGGAAATA-2,S2_realign_noncystic
CTTAGTGTAGTAGCAT-2,S2_realign_layer1
CTTAGTTGAGGAATCG-2,S2_realign_layer1
CTTCGGCCAATTGTTT-2,S2_realign_layer1
CTTCTGGGCGTACCTA-2,S2_realign_layer2
CTTGAGTTAGGGTAAT-2,S2_realign_layer2
CTTTAATATTGGTCGA-2,S2_realign_layer2
CTTTAGGAACACTGTT-2,S2_realign_layer1
CTTTCTGTGCGGGCTT-2,S2_realign_layer2
CTTTGGCTTTAGTAAA-2,S2_realign_noncystic
GAAACAGATGACCACC-2,S2_realign_layer1
GAAACCTATACAAATG-2,S2_realign_layer1
GAAACTCTAATGAAGG-2,S2_realign_layer3
GAAAGAACAGCGTTAT-2,S2_realign_layer2
GAAAGTGACTAACTGC-2,S2_realign_noncystic
GAAATACCTGCTGGCT-2,S2_realign_layer1
GAACCATCTGGGAGAC-2,S2_realign_layer1
GAACTGTGGAGAGACA-2,S2_realign_layer1
GAAGCCACTGATTATG-2,S2_realign_layer1
GACATCCGTCGAACTG-2,S2_realign_layer1
GACCCAATTATGATAC-2,S2_realign_layer3
GACGACGATCCGCGTT-2,S2_realign_layer3
GACGAGGCTAATAAAC-2,S2_realign_layer2
GACGGGTTGGCCCGTA-2,S2_realign_layer1
GACGTTGCTCGGCGGC-2,S2_realign_layer1
GACTACAATTGCTCGT-2,S2_realign_layer2
GACTCTAGAGTTCCAA-2,S2_realign_layer3
GAGAGGGCGCGAGGTT-2,S2_realign_noncystic
GAGATCTGCTTGGCAT-2,S2_realign_noncystic
GAGATCTTCCATGACA-2,S2_realign_layer1
GAGATGGCTTTAATCA-2,S2_realign_layer2
GAGATGGGAGTCGACA-2,S2_realign_layer2
GAGCATCAACAACTTG-2,S2_realign_layer2
GAGGCCCGACTCCGCA-2,S2_realign_layer3
GAGGCTATCAAAGTCG-2,S2_realign_noncystic
GAGGGAGTCAGATCGC-2,S2_realign_layer1
GAGGGTAGTAACAAAG-2,S2_realign_layer3
GAGGTACATCCATCTT-2,S2_realign_layer1
GAGGTACGCGTGTCCC-2,S2_realign_layer1
GAGTACGGGTATACAA-2,S2_realign_noncystic
GAGTAGATACTAGTTG-2,S2_realign_layer1
GAGTATACCCTAATCA-2,S2_realign_layer2
GAGTTGATGGCAATTT-2,S2_realign_layer3
GATAAATCGGTGGATG-2,S2_realign_noncystic
GATAACTCGCACTGTG-2,S2_realign_layer1
GATAGAACCCGCTAGG-2,S2_realign_layer1
GATATTGAGATTGGCG-2,S2_realign_layer2
GATCCTCGACACTGGC-2,S2_realign_layer1
GATCCTCTTGCGCTTA-2,S2_realign_layer1
GATCTTTGCAGGGTAT-2,S2_realign_noncystic
GATGCTGTATTTCATC-2,S2_realign_layer3
GATGGTGCCCTAGGCA-2,S2_realign_layer3
GATGTAACGAACCACC-2,S2_realign_layer2
GATGTCGGTCAACTGC-2,S2_realign_layer2
GATTAACCGAAAGCCC-2,S2_realign_layer1
GATTTGCGCTAACACC-2,S2_realign_layer1
GCAAATATTACGCTTT-2,S2_realign_noncystic
GCAACCACCAGACCGG-2,S2_realign_layer2
GCACAAGTGTCGGAAG-2,S2_realign_layer1
GCACTGCCTACCTTTA-2,S2_realign_layer2
GCAGACCCAGCACGTA-2,S2_realign_layer3
GCAGGACTATAGAATA-2,S2_realign_noncystic
GCATCCCTAACTTTGA-2,S2_realign_noncystic
GCCCAGTTGGTATGCC-2,S2_realign_noncystic
GCCCGACTTCTTCCCG-2,S2_realign_layer3
GCCCTGAGGATGGGCT-2,S2_realign_layer1
GCCGCTTGTGAGAAAC-2,S2_realign_noncystic
GCCTACGTTCTGTGCA-2,S2_realign_layer1
GCCTCATCTGGAAATA-2,S2_realign_layer1
GCCTCTATACATAGCA-2,S2_realign_layer1
GCGAAACGATCGGGAG-2,S2_realign_layer1
GCGATTCTGGAAGCAG-2,S2_realign_layer2
GCGCAAATATATTCAA-2,S2_realign_layer1
GCGCAAGAGCGCGCTG-2,S2_realign_layer2
GCGCCTCCCACTCCGA-2,S2_realign_layer1
GCGGAGAGGGAGAACG-2,S2_realign_layer1
GCGGCTCTGACGTACC-2,S2_realign_noncystic
GCGGGAACCAGGCCCT-2,S2_realign_noncystic
GCGTAAATGGCCATAA-2,S2_realign_layer2
GCGTCCCTAAGACATA-2,S2_realign_layer2
GCGTGGTACTGGGTTA-2,S2_realign_layer1
GCGTGTATGTCGTATT-2,S2_realign_layer1
GCTAGACCGTCTACTG-2,S2_realign_layer1
GCTAGTTTCATTGAGG-2,S2_realign_noncystic
GCTCAATCCGTTTATT-2,S2_realign_layer2
GCTCATTACTGCATGT-2,S2_realign_layer1
GCTCCATGCAAAGCAA-2,S2_realign_layer1
GCTCCCAGTCGGTCCA-2,S2_realign_layer3
GCTCCTGACATACTGG-2,S2_realign_layer1
GCTCGCTCATGTCCAA-2,S2_realign_layer2
GCTGAATCTTCCAATC-2,S2_realign_layer3
GCTGCTACTGCGTAGC-2,S2_realign_layer1
GCTGGCATATTCACCT-2,S2_realign_noncystic
GCTGGCGGCGCATGCT-2,S2_realign_layer2
GCTGTTGCTACCGAAC-2,S2_realign_layer1
GCTTATGAAGCAGGAA-2,S2_realign_layer1
GCTTGATGATAATCAG-2,S2_realign_noncystic
GCTTTCAGAGGAGGTG-2,S2_realign_layer3
GGAATAACCTCAAGAA-2,S2_realign_layer2
GGACCTCTAGGCCGCC-2,S2_realign_layer1
GGACTCGTGAGTGGTC-2,S2_realign_layer2
GGAGAAGTCATTGGCA-2,S2_realign_noncystic
GGAGCGAGGCCTACTT-2,S2_realign_layer1
GGAGGATTGAAAGGAG-2,S2_realign_layer1
GGATCAAAGGACGAGG-2,S2_realign_layer2
GGATCTTACTGCCCTT-2,S2_realign_layer2
GGATGTCCTTACCGCA-2,S2_realign_layer1
GGATTAAGCTAAGGTC-2,S2_realign_layer1
GGCAGCGGTAATCCTA-2,S2_realign_layer3
GGCATACAGGTAGCGG-2,S2_realign_noncystic
GGCATTGAACATCTCA-2,S2_realign_layer3
GGCCCAGCTGGTTTGC-2,S2_realign_layer1
GGCCTGCTCTGATGTT-2,S2_realign_layer1
GGCGCTTCATTCCCTG-2,S2_realign_layer1
GGCGTCCTATCCGCTG-2,S2_realign_noncystic
GGCTACTATACACTCC-2,S2_realign_layer2
GGCTATTAAGTTGTAT-2,S2_realign_noncystic
GGCTCGTGCCACCAGC-2,S2_realign_noncystic
GGCTGAAATAGCAAAG-2,S2_realign_layer1
GGCTTTCAATAAGGGT-2,S2_realign_layer1
GGGAACGGTTTCAGAT-2,S2_realign_layer3
GGGAAGGGCTTTCTCA-2,S2_realign_layer2
GGGAGCGACCGTAGTG-2,S2_realign_layer1
GGGCAGAGCAATCGTT-2,S2_realign_layer2
GGGCAGTCAACGCCAA-2,S2_realign_layer2
GGGCATGCATGTCGAG-2,S2_realign_layer2
GGGCCGGCCGAAGTAC-2,S2_realign_layer2
GGGCGTGGTTTCCCAG-2,S2_realign_layer1
GGGCGTTTACATTCAT-2,S2_realign_layer1
GGGCTATGATCGATGG-2,S2_realign_layer3
GGGTACTTCATGAACT-2,S2_realign_noncystic
GGGTCAGGAGCTAGAT-2,S2_realign_layer1
GGGTGGTCCAGCCTGT-2,S2_realign_layer1
GGGTTTAGGATAGGAT-2,S2_realign_layer2
GGTAGAAGACCGCCTG-2,S2_realign_layer2
GGTAGGCCAATATCAC-2,S2_realign_layer2
GGTCAAGACTACTTCG-2,S2_realign_layer1
GGTCTCTGAATGGACT-2,S2_realign_layer1
GGTCTTGAGCGCTCTT-2,S2_realign_layer2
GGTGAGATGCAGATAA-2,S2_realign_noncystic
GGTGCATAAATGATTA-2,S2_realign_layer1
GGTGCGGATAAGTGGC-2,S2_realign_noncystic
GGTGTAAATCGATTGT-2,S2_realign_layer1
GGTTTAATTACCATCG-2,S2_realign_layer3
GGTTTCAATCGGTCAG-2,S2_realign_layer3
GTAACTGCCCAAGGAG-2,S2_realign_layer1
GTAAGTAACAGTCTGG-2,S2_realign_layer2
GTAAGTAGGGTATACC-2,S2_realign_noncystic
GTACAGAGGCAAGGGT-2,S2_realign_layer2
GTACTCCCTTATCGCT-2,S2_realign_noncystic
GTAGACAACCGATGAA-2,S2_realign_layer3
GTAGACACGCCTGACT-2,S2_realign_layer1
GTAGCTAGTAAGCGCG-2,S2_realign_layer1
GTAGCTCCGGGAGGCT-2,S2_realign_layer1
GTAGTTCGAAGGCGAA-2,S2_realign_layer1
GTATCAAACGTTAGCT-2,S2_realign_layer1
GTATCCTTTGGTAACC-2,S2_realign_layer2
GTATCTCAGTCTTGAC-2,S2_realign_layer3
GTATGAAATTTCACTC-2,S2_realign_layer1
GTATGTGGGTCTAGTT-2,S2_realign_layer1
GTCAGAATAGTCTATG-2,S2_realign_noncystic
GTCAGTTGTGCTCGTT-2,S2_realign_layer1
GTCCAATATTTAGCCT-2,S2_realign_layer1
GTCCATTACTGCTACG-2,S2_realign_layer2
GTCCGGACCTGAAATT-2,S2_realign_layer1
GTCGGATATCTCAGAC-2,S2_realign_noncystic
GTCGTTATTCGCTTAT-2,S2_realign_layer2
GTGACCGCACACTACG-2,S2_realign_layer1
GTGAGGACACTTAAGG-2,S2_realign_layer3
GTGATCCTTGTCATGA-2,S2_realign_layer1
GTGATGCACAACATCT-2,S2_realign_layer1
GTGCACCAGCTTCAAC-2,S2_realign_layer1
GTGCCTCAGTGTACGG-2,S2_realign_layer1
GTGCGTGTATATGAGC-2,S2_realign_layer1
GTGGACGCATTTGTCC-2,S2_realign_layer2
GTGGACGTGCTGAGAC-2,S2_realign_noncystic
GTGGCAAACAGCGGCA-2,S2_realign_layer3
GTGTATATCAGCGGGC-2,S2_realign_layer1
GTTAACATCACTTAAA-2,S2_realign_layer1
GTTACAATTGGTGACG-2,S2_realign_noncystic
GTTAGAGTGTGCCGCT-2,S2_realign_layer2
GTTAGCCCATGACATC-2,S2_realign_layer1
GTTATCACCTTCTGAA-2,S2_realign_layer2
GTTATTAAATACGACC-2,S2_realign_layer1
GTTCACAGGAGTCTAG-2,S2_realign_noncystic
GTTCGGATCGGGAACA-2,S2_realign_layer2
GTTGGATTCAGTGGCT-2,S2_realign_layer3
GTTGGTCATGCTATCC-2,S2_realign_layer2
GTTTGGCCCAAGTTAT-2,S2_realign_layer1
GTTTGGGTTTCGCCCG-2,S2_realign_layer1
GTTTGGTGATCGGTGC-2,S2_realign_layer1
TAAAGCGGTATTTCCA-2,S2_realign_layer2
TAACAAAGGGAGAAGC-2,S2_realign_noncystic
TAACAGCGTTTGTGCT-2,S2_realign_layer3
TAACATACACGCGATC-2,S2_realign_layer2
TAACTATCGAAGGTCC-2,S2_realign_noncystic
TAAGGAACTTGTGGGA-2,S2_realign_noncystic
TAAGTCGCCGAGTATC-2,S2_realign_layer2
TAATACTAGAACAGAC-2,S2_realign_layer2
TAATATTGAAATTCGC-2,S2_realign_noncystic
TAATTAGGACATCCGT-2,S2_realign_layer3
TACCAAATAGCCCAGA-2,S2_realign_layer1
TACCAGGAATCCCGTC-2,S2_realign_layer1
TACCGCGGACTTGCAG-2,S2_realign_layer3
TACCTACTCCCAGTAT-2,S2_realign_layer2
TACCTCAGTTGTCTGT-2,S2_realign_layer2
TACCTCCACACCAATG-2,S2_realign_layer1
TACCTTAAGATTTCCC-2,S2_realign_layer2
TACGAGAACTTCACGT-2,S2_realign_noncystic
TACGATGTTGATCATC-2,S2_realign_noncystic
TACGTGGGCCCAGGGC-2,S2_realign_layer2
TACTCCTCTAGTTGAC-2,S2_realign_layer2
TAGAAACCACTAAGTA-2,S2_realign_layer1
TAGAATTAAGGGCAAC-2,S2_realign_layer3
TAGACTACCTAGCGTT-2,S2_realign_layer3
TAGATCCGAAGTCGCA-2,S2_realign_layer1
TAGCGTCCCTCGATTG-2,S2_realign_layer1
TAGCTAGTGATGATGG-2,S2_realign_layer3
TAGGTGCTCGCCTAGC-2,S2_realign_layer2
TAGGTTCTGCTGAGAA-2,S2_realign_layer1
TAGTCCCGGAGACCAC-2,S2_realign_layer2
TATAAGTGAGGATAGC-2,S2_realign_noncystic
TATACACGCAAAGTAT-2,S2_realign_noncystic
TATAGAGTCGCTTGAA-2,S2_realign_layer2
TATAGATGGTCGCAGT-2,S2_realign_layer3
TATATTCGCGTCGATA-2,S2_realign_layer2
TATCCGCACCGTCGGG-2,S2_realign_layer1
TATGATAAATCTAACG-2,S2_realign_layer1
TATGATCTTCTCTTTA-2,S2_realign_layer1
TATGGCCCGGCCTCGC-2,S2_realign_noncystic
TATGGTTAGTGGGAGA-2,S2_realign_layer2
TATTCCGGCAGTCCTA-2,S2_realign_layer1
TATTCCTCCGCCCACT-2,S2_realign_layer3
TCAAATTGTTGTGCCG-2,S2_realign_layer1
TCAACAAAGATAATTC-2,S2_realign_layer1
TCAACGCAGGAAATAA-2,S2_realign_layer2
TCACTCGTGCAACGGC-2,S2_realign_layer2
TCAGGGTGCACGAAAC-2,S2_realign_layer1
TCAGTACTGACCCGCG-2,S2_realign_noncystic
TCATCCCAGAGGGTGG-2,S2_realign_layer1
TCATTTAAGTCTCCGA-2,S2_realign_layer1
TCCACAATGGTTTACG-2,S2_realign_noncystic
TCCACATCGTATATTG-2,S2_realign_layer1
TCCAGGCAGGACGATC-2,S2_realign_layer2
TCCAGGGTATATACGA-2,S2_realign_layer1
TCCATTGTGACCTCGT-2,S2_realign_layer2
TCCCACGGAGGGAGCT-2,S2_realign_layer1
TCCCGGGTGTGCTGCT-2,S2_realign_noncystic
TCCCTGGCTCGCTGGA-2,S2_realign_noncystic
TCCGATTACATTGCCG-2,S2_realign_noncystic
TCCGCCTGTCTACAAG-2,S2_realign_layer1
TCCGCGGCAGCATCTG-2,S2_realign_layer3
TCCGGCCTGCATCGAT-2,S2_realign_layer1
TCCTCTACGAGATGGC-2,S2_realign_noncystic
TCCTCTGGCCCATTAG-2,S2_realign_layer1
TCCTGCCAACTGGAGA-2,S2_realign_layer1
TCCTTTAAATCCGCTT-2,S2_realign_layer1
TCGAATCGCAGGGTAG-2,S2_realign_layer2
TCGACATAGCGTAGCG-2,S2_realign_layer2
TCGCAAAGATGCATTT-2,S2_realign_layer2
TCGCACCAGGAGGCAG-2,S2_realign_layer1
TCGCGTAGCAGTGTCC-2,S2_realign_layer1
TCGCGTCCAGAAGGTC-2,S2_realign_noncystic
TCGCTGCCAATGCTGT-2,S2_realign_layer1
TCGCTGTGCGTAAATC-2,S2_realign_noncystic
TCGGAATGACCATCAA-2,S2_realign_layer1
TCGGGCCGTCGTGGTA-2,S2_realign_layer2
TCGGTCCCGACAATAG-2,S2_realign_layer2
TCGTCCGCTGGCGTCT-2,S2_realign_noncystic
TCGTGTACTATGGATG-2,S2_realign_layer1
TCGTTCGTTATTATGT-2,S2_realign_layer2
TCTAATACTGCCTCAG-2,S2_realign_layer1
TCTACACGTTCATGCA-2,S2_realign_layer1
TCTACGCACGATCTCC-2,S2_realign_layer1
TCTATCATGCAGTTAC-2,S2_realign_noncystic
TCTCTTACCGCGAACC-2,S2_realign_layer1
TCTGAACCGGTCGGCT-2,S2_realign_noncystic
TCTGAATTCCGTACAA-2,S2_realign_layer2
TCTGATGTATTCTGTC-2,S2_realign_layer1
TCTGCATACCTTGCTT-2,S2_realign_layer1
TCTGCCAGAAACTGCA-2,S2_realign_layer2
TCTGGGAACCTTTGAA-2,S2_realign_layer2
TCTGTTACCCAGCATA-2,S2_realign_layer2
TCTTCTATAACCCGCC-2,S2_realign_layer1
TCTTGCTCCCGATACT-2,S2_realign_layer2
TCTTTAAGACTATGAA-2,S2_realign_layer2
TGAAACTTATGCAAGC-2,S2_realign_layer2
TGAAAGGACCTGACTC-2,S2_realign_layer3
TGAACAAGCAGGGACT-2,S2_realign_layer1
TGAATGAGTGTTTCCC-2,S2_realign_layer2
TGAATGTCAGCCGGCC-2,S2_realign_layer1
TGACATCGAGCGGACC-2,S2_realign_layer1
TGAGATCAAATACTCA-2,S2_realign_layer1
TGAGATTAGGCCCTAA-2,S2_realign_layer3
TGAGCGGAAAGTGTTC-2,S2_realign_layer1
TGAGGAGTGCCAGCTT-2,S2_realign_layer1
TGATTCCCGGTTACCT-2,S2_realign_layer2
TGATTCGTCTATCACT-2,S2_realign_noncystic
TGCAACCCATCTGCGG-2,S2_realign_layer1
TGCAGTTTCCTCCCAT-2,S2_realign_layer1
TGCATATGTCTGTCAC-2,S2_realign_layer2
TGCCAGTACGTGGAGA-2,S2_realign_layer3
TGCCCGTACCGTTAAA-2,S2_realign_layer2
TGCCGTGGATCGTCCT-2,S2_realign_layer2
TGCCGTGGGACCCAAT-2,S2_realign_layer2
TGCGGACTTGACTCCG-2,S2_realign_layer1
TGCGTCATGACTGAGC-2,S2_realign_layer2
TGCGTTTGTTGACACT-2,S2_realign_layer3
TGCTATACAAACGGAC-2,S2_realign_layer1
TGCTCGGCGAAACCCA-2,S2_realign_layer3
TGCTCGGTGGGTCACC-2,S2_realign_layer1
TGCTGGTTGGACAATT-2,S2_realign_noncystic
TGCTTCCCAAGCAGTA-2,S2_realign_layer1
TGGCAAACTAAATTAC-2,S2_realign_layer1
TGGCCGTATATTGACC-2,S2_realign_noncystic
TGGCTATGTGACATAC-2,S2_realign_layer1
TGGGATGCACTCATTC-2,S2_realign_layer2
TGGTATCGGTCTGTAT-2,S2_realign_layer3
TGGTCCCACGCTACGG-2,S2_realign_layer1
TGGTGCCCTGCCTTAC-2,S2_realign_layer1
TGGTTCAACGGGTAAT-2,S2_realign_layer2
TGGTTGGAGGATCCTG-2,S2_realign_layer1
TGTACCTACACGAGGG-2,S2_realign_layer1
TGTAGGAGAAATTTCC-2,S2_realign_layer3
TGTAGTGATCTATAAT-2,S2_realign_noncystic
TGTCCTAAGTCACCGC-2,S2_realign_noncystic
TGTGAGACTAGCCCAA-2,S2_realign_layer1
TGTGGCGGGCTTCTGG-2,S2_realign_layer1
TGTGGTTGCTAAAGCT-2,S2_realign_layer3
TGTGTCGCGAGTTGCA-2,S2_realign_noncystic
TGTTCCGGCCTGAGCT-2,S2_realign_layer1
TGTTCTTCCATTGACT-2,S2_realign_noncystic
TGTTTAATACTTCATC-2,S2_realign_layer2
TTAAGACGAACGAACC-2,S2_realign_layer1
TTAAGGCCCGTACTTT-2,S2_realign_layer2
TTAAGTATTGTTATCC-2,S2_realign_layer2
TTAATGCGAGGTAACT-2,S2_realign_layer1
TTACATCGTGGCCTGG-2,S2_realign_noncystic
TTACATGCCACAACTA-2,S2_realign_layer2
TTACCATTGATTACCC-2,S2_realign_noncystic
TTACGGATGGTTCGAG-2,S2_realign_layer3
TTACTAAAGGACTTTA-2,S2_realign_layer1
TTAGCTGATTTGCCGT-2,S2_realign_layer1
TTAGTAGGGCGGCGGG-2,S2_realign_noncystic
TTATAGATGCACATTA-2,S2_realign_layer1
TTATCCTCAAGGAATA-2,S2_realign_layer3
TTCAATACTCTGAATC-2,S2_realign_layer1
TTCAATTAGCCATAAT-2,S2_realign_layer1
TTCACTCGAGCACCTA-2,S2_realign_layer1
TTCACTTCCTAGAACG-2,S2_realign_layer2
TTCAGCTGGCGTGCCC-2,S2_realign_layer1
TTCCACATTTCTCGTC-2,S2_realign_layer1
TTCCATCATGCGGTGA-2,S2_realign_layer2
TTCGACAGAGCCCGTG-2,S2_realign_layer3
TTCTAACCGAAGCTTA-2,S2_realign_layer2
TTCTGACCGGGCTCAA-2,S2_realign_layer1
TTCTTGTAACCTAATG-2,S2_realign_noncystic
TTGAATTCACGTGAGG-2,S2_realign_layer1
TTGACCGTGTTAATGA-2,S2_realign_layer2
TTGACGCTCCATGAGC-2,S2_realign_layer2
TTGATTAGCTGTTTCT-2,S2_realign_layer3
TTGCAAGAAGACTCCT-2,S2_realign_layer1
TTGCCATAGCCCGCTC-2,S2_realign_layer2
TTGCCCTGATCACGGG-2,S2_realign_noncystic
TTGCCGGTGATCCCTC-2,S2_realign_layer1
TTGCGTGAACGCTTAG-2,S2_realign_layer1
TTGCGTGTGTAGGCAT-2,S2_realign_layer1
TTGCTGGCCGGGCTTC-2,S2_realign_layer1
TTGGAAGAATACAGTC-2,S2_realign_layer3
TTGGATCGACTTCTGG-2,S2_realign_layer3
TTGGCTCGCATGAGAC-2,S2_realign_noncystic
TTGGGACGTAAGAGTT-2,S2_realign_layer1
TTGGTTGCGGTGCGCG-2,S2_realign_layer2
TTGTATCACACAGAAT-2,S2_realign_layer3
TTGTGAACCTAATCCG-2,S2_realign_layer1
TTGTGGTAGGAGGGAT-2,S2_realign_layer1
TTGTGGTGGTACTAAG-2,S2_realign_layer1
TTGTTAGCAAATTCGA-2,S2_realign_noncystic
TTGTTTGTGTAAATTC-2,S2_realign_layer3
